<MigrationProcessCSVMetadataVO>
   <MigrationProcessCSVMetadataVORow>
      <ProcessId>-999</ProcessId>
      <ProcessName>Manage Procurement Agents_20250120_125403_322</ProcessName>
      <ProcessDescription>Manage Procurement Agents_20250120_125403_322</ProcessDescription>
      <ProcessDate>2025-01-20 12:54:55.382</ProcessDate>
      <ObjectShortName>PO_MANAGE_PROCUREMENT_AGENTS</ObjectShortName>
      <ObjectType>TASK</ObjectType>
      <CreatedByFlow>TASK_CSV</CreatedByFlow>
      <ProcessType>EXPORT</ProcessType>
      <ProcessStatus>COMPLETED</ProcessStatus>
      <ProcessEnv>erzp-dev12</ProcessEnv>
      <ProcessStartDate>2025-01-20 12:54:04.32</ProcessStartDate>
      <ProcessEndDate>2025-01-20 12:54:55.382</ProcessEndDate>
      <ProcessRelease>11.13.24.10.0</ProcessRelease>
      <SubmittedBy>RKanakaraj@cloudvice.com</SubmittedBy>
      <ESSRequestId>7676057</ESSRequestId>
      <MigrationProcessBusinessObjectCSVMetadata1>
         <MigrationProcessBusinessObjectCSVMetadataVORow>
            <ProcessId>-999</ProcessId>
            <BusinessObjectShortName>ORA_PO_AGENT_ACCESS</BusinessObjectShortName>
            <BatchName>ProcurementAgentAssignmentsMigrator1</BatchName>
            <XmlAttributeList>AccessActionCode,AccessOthersLevelCode,ActiveFlag,AllowedFlag,ReqShortCode,ReqEnterpriseId,EnterpriseId,ShortCode,ListName,EmailAddress</XmlAttributeList>
            <XmlAttributeTypeList>string,string,string,string,string,long,long,string,string,string</XmlAttributeTypeList>
            <XmlNodePath>/ProcurementAgentAssignmentsMigratorVO/ProcurementAgentAssignmentsMigratorVORow/ProcurementAgentAccessesMigrator/ProcurementAgentAccessesMigratorVORow</XmlNodePath>
            <NodeSequence>2</NodeSequence>
         </MigrationProcessBusinessObjectCSVMetadataVORow>
         <MigrationProcessBusinessObjectCSVMetadataVORow>
            <ProcessId>-999</ProcessId>
            <BusinessObjectShortName>PO_AGENT</BusinessObjectShortName>
            <BatchName>ProcurementAgentAssignmentsMigrator1</BatchName>
            <XmlAttributeList>ActiveFlag,Attribute1,Attribute10,Attribute11,Attribute12,Attribute13,Attribute14,Attribute15,Attribute16,Attribute17,Attribute18,Attribute19,Attribute2,Attribute20,Attribute3,Attribute4,Attribute5,Attribute6,Attribute7,Attribute8,Attribute9,AttributeCategory,AttributeDate1,AttributeDate10,AttributeDate2,AttributeDate3,AttributeDate4,AttributeDate5,AttributeDate6,AttributeDate7,AttributeDate8,AttributeDate9,AttributeNumber1,AttributeNumber10,AttributeNumber2,AttributeNumber3,AttributeNumber4,AttributeNumber5,AttributeNumber6,AttributeNumber7,AttributeNumber8,AttributeNumber9,AttributeTimestamp1,AttributeTimestamp10,AttributeTimestamp2,AttributeTimestamp3,AttributeTimestamp4,AttributeTimestamp5,AttributeTimestamp6,AttributeTimestamp7,AttributeTimestamp8,AttributeTimestamp9,DefaultPrinterName,EnterpriseId,ShortCode,ReqShortCode,ReqEnterpriseId,ListName,EmailAddress</XmlAttributeList>
            <XmlAttributeTypeList>string,string,string,string,string,string,string,string,string,string,string,string,string,string,string,string,string,string,string,string,string,string,date,date,date,date,date,date,date,date,date,date,decimal,decimal,decimal,decimal,decimal,decimal,decimal,decimal,decimal,decimal,dateTime,dateTime,dateTime,dateTime,dateTime,dateTime,dateTime,dateTime,dateTime,dateTime,string,long,string,string,long,string,string</XmlAttributeTypeList>
            <XmlNodePath>/ProcurementAgentAssignmentsMigratorVO/ProcurementAgentAssignmentsMigratorVORow</XmlNodePath>
            <NodeSequence>1</NodeSequence>
         </MigrationProcessBusinessObjectCSVMetadataVORow>
      </MigrationProcessBusinessObjectCSVMetadata1>
      <MigrationProcessBatchCSVMetadata>
         <MigrationProcessBatchCSVMetadataVORow>
            <ProcessId>-999</ProcessId>
            <BatchName>ProcurementAgentAssignmentsMigrator1</BatchName>
            <ImportSequence>0</ImportSequence>
            <ServiceName>oracle.apps.prc.po.setup.migratorService.procurementAgentService.applicationModule.server.ProcurementAgentMigratorService</ServiceName>
            <BatchSize>500</BatchSize>
         </MigrationProcessBatchCSVMetadataVORow>
      </MigrationProcessBatchCSVMetadata>
      <MigrationProcessScopeValueCSVMetadata null="true"/>
      <MigrationProcessMigrationObjectCSVMetadata>
         <MigrationProcessMigrationObjectCSVMetadataVORow>
            <ProcessId>-999</ProcessId>
            <BusinessObjectShortName>ORA_PO_AGENT_ACCESS</BusinessObjectShortName>
            <MigrateFlag>Y</MigrateFlag>
            <IncludeExternalDataFlag>Y</IncludeExternalDataFlag>
         </MigrationProcessMigrationObjectCSVMetadataVORow>
         <MigrationProcessMigrationObjectCSVMetadataVORow>
            <ProcessId>-999</ProcessId>
            <BusinessObjectShortName>PO_AGENT</BusinessObjectShortName>
            <MigrateFlag>Y</MigrateFlag>
            <IncludeExternalDataFlag>Y</IncludeExternalDataFlag>
         </MigrationProcessMigrationObjectCSVMetadataVORow>
      </MigrationProcessMigrationObjectCSVMetadata>
      <MigrationProcessTaskCSVMetadata null="true"/>
      <MigrationProcessServiceVersionCSVMetadata null="true"/>
   </MigrationProcessCSVMetadataVORow>
</MigrationProcessCSVMetadataVO>